MAJOR_WATERSHED,numLakes,avgPhos,maxPhos
Mississippi River - Twin Cities,125,0.11705967312260772,27.0
Lower Minnesota River,90,0.10769678031800914,45.0
Lower St. Croix River,94,0.07494774952686412,16.0
Mississippi River - Lake Pepin,13,0.08654388714733549,0.786
South Fork Crow River,16,0.14863997517070146,1.65
Cannon River,3,0.15189999999999998,0.739
North Fork Crow River,5,0.23652529182879373,3.83
Rum River,3,0.06197442455242961,0.91
